[
    {
        "name": "Ac1",
        "location": "sd",
        "state": "on",
        "temperature": 24,
        "mode": "cool",
        "speed": "high"
    },
    {
        "name": "Ac2",
        "location": "2",
        "state": "on",
        "temperature": 24,
        "mode": "cool",
        "speed": "medium"
    },
    {
        "name": "testac",
        "location": "room3",
        "state": "on",
        "temperature": 24,
        "mode": "cool",
        "speed": "low"
    }
]